Workbook

Sheet dataset
A1: =+Hoja2!A5 -> año | B1: =+Hoja2!B5 -> comunidad | C1: =+Hoja2!C5 -> dotacion_n_hospitales | D1: =+Hoja2!D5 -> dotacion_camas_instaladas | E1: =+Hoja2!E5 -> dotacion_camas_funcionamiento | F1: =+Hoja2!F5 -> dotacion_camas_presion_variable | G1: =+Hoja2!G5 -> dotacion_puestos_urpas | H1: =+Hoja2!H5 -> dotacion_incubadoras | ... FK1: =+Hoja2!FK5 -> habitantes | FL1: ipc_acumulado
A2: =+Hoja2!A6 -> 2010 | B2: =+Hoja2!B6 -> Andalucía | C2: =+Hoja2!C6 -> 47 | D2: =+Hoja2!D6 -> 15956 | E2: =+Hoja2!E6 -> 14392 | F2: =+Hoja2!F6 -> 0 | G2: =+Hoja2!G6 -> 0 | H2: =+Hoja2!H6 -> 439 | ... FK2: =+Hoja2!FK6 -> 8224742.3 | FL2: 100
A3: =+Hoja2!A7 -> 2010 | B3: =+Hoja2!B7 -> Aragón | C3: =+Hoja2!C7 -> 20 | D3: =+Hoja2!D7 -> 4541 | E3: =+Hoja2!E7 -> 4127 | F3: =+Hoja2!F7 -> 0 | G3: =+Hoja2!G7 -> 0 | H3: =+Hoja2!H7 -> 56 | ... FK3: =+Hoja2!FK7 -> 1312427.7 | FL3: 100
A4: =+Hoja2!A8 -> 2010 | B4: =+Hoja2!B8 -> Asturias, Principado de | C4: =+Hoja2!C8 -> 10 | D4: =+Hoja2!D8 -> 3363 | E4: =+Hoja2!E8 -> 3002 | F4: =+Hoja2!F8 -> 0 | G4: =+Hoja2!G8 -> 0 | H4: =+Hoja2!H8 -> 57 | ... FK4: =+Hoja2!FK8 -> 1057547.2 | FL4: 100
A5: =+Hoja2!A9 -> 2010 | B5: =+Hoja2!B9 -> Balears, Illes | C5: =+Hoja2!C9 -> 12 | D5: =+Hoja2!D9 -> 2508 | E5: =+Hoja2!E9 -> 2364 | F5: =+Hoja2!F9 -> 0 | G5: =+Hoja2!G9 -> 0 | H5: =+Hoja2!H9 -> 71 | ... FK5: =+Hoja2!FK9 -> 1081034.5 | FL5: 100
A6: =+Hoja2!A10 -> 2010 | B6: =+Hoja2!B10 -> Canarias | C6: =+Hoja2!C10 -> 14 | D6: =+Hoja2!D10 -> 4813 | E6: =+Hoja2!E10 -> 4336 | F6: =+Hoja2!F10 -> 0 | G6: =+Hoja2!G10 -> 0 | H6: =+Hoja2!H10 -> 109 | ... FK6: =+Hoja2!FK10 -> 2092608.7 | FL6: 100
A7: =+Hoja2!A11 -> 2010 | B7: =+Hoja2!B11 -> Cantabria | C7: =+Hoja2!C11 -> 5 | D7: =+Hoja2!D11 -> 1520 | E7: =+Hoja2!E11 -> 1350 | F7: =+Hoja2!F11 -> 0 | G7: =+Hoja2!G11 -> 0 | H7: =+Hoja2!H11 -> 24 | ... FK7: =+Hoja2!FK11 -> 580152.67 | FL7: 100
A8: =+Hoja2!A12 -> 2010 | B8: =+Hoja2!B12 -> Castilla y León | C8: =+Hoja2!C12 -> 16 | D8: =+Hoja2!D12 -> 7458 | E8: =+Hoja2!E12 -> 6900 | F8: =+Hoja2!F12 -> 0 | G8: =+Hoja2!G12 -> 0 | H8: =+Hoja2!H12 -> 126 | ... FK8: =+Hoja2!FK12 -> 2494314.4 | FL8: 100
A9: =+Hoja2!A13 -> 2010 | B9: =+Hoja2!B13 -> Castilla - La Mancha | C9: =+Hoja2!C13 -> 21 | D9: =+Hoja2!D13 -> 5370 | E9: =+Hoja2!E13 -> 4894 | F9: =+Hoja2!F13 -> 0 | G9: =+Hoja2!G13 -> 0 | H9: =+Hoja2!H13 -> 124 | ... FK9: =+Hoja2!FK13 -> 2041825.1 | FL9: 100
A10: =+Hoja2!A14 -> 2010 | B10: =+Hoja2!B14 -> Cataluña | C10: =+Hoja2!C14 -> 153 | D10: =+Hoja2!D14 -> 28219 | E10: =+Hoja2!E14 -> 27098 | F10: =+Hoja2!F14 -> 0 | G10: =+Hoja2!G14 -> 0 | H10: =+Hoja2!H14 -> 364 | ... FK10: =+Hoja2!FK14 -> 7329610.4 | FL10: 100
A11: =+Hoja2!A15 -> 2010 | B11: =+Hoja2!B15 -> Comunitat Valenciana | C11: =+Hoja2!C15 -> 36 | D11: =+Hoja2!D15 -> 11887 | E11: =+Hoja2!E15 -> 10525 | F11: =+Hoja2!F15 -> 0 | G11: =+Hoja2!G15 -> 0 | H11: =+Hoja2!H15 -> 265 | ... FK11: =+Hoja2!FK15 -> 4994537.8 | FL11: 100
A12: =+Hoja2!A16 -> 2010 | B12: =+Hoja2!B16 -> Extremadura | C12: =+Hoja2!C16 -> 10 | D12: =+Hoja2!D16 -> 3699 | E12: =+Hoja2!E16 -> 3504 | F12: =+Hoja2!F16 -> 0 | G12: =+Hoja2!G16 -> 0 | H12: =+Hoja2!H16 -> 81 | ... FK12: =+Hoja2!FK16 -> 1081578.9 | FL12: 100
A13: =+Hoja2!A17 -> 2010 | B13: =+Hoja2!B17 -> Galicia | C13: =+Hoja2!C17 -> 18 | D13: =+Hoja2!D17 -> 8549 | E13: =+Hoja2!E17 -> 8164 | F13: =+Hoja2!F17 -> 0 | G13: =+Hoja2!G17 -> 0 | H13: =+Hoja2!H17 -> 124 | ... FK13: =+Hoja2!FK17 -> 2740064.1 | FL13: 100
... A271: =+Hoja2!A275 -> 2024 | B271: =+Hoja2!B275 -> Ceuta y Melilla | C271: =+Hoja2!C275 -> 2 | D271: =+Hoja2!D275 -> 420 | E271: =+Hoja2!E275 -> 331 | F271: =+Hoja2!F275 -> 0 | G271: =+Hoja2!G275 -> 20 | H271: =+Hoja2!H275 -> 21 | ... FK271: =+Hoja2!FK275 -> 169354.84 | FL271: 131.7

Sheet diccionario_dataset
A1: ID_Variable | B1: Categoría | C1: Descripción
A2: año | B2: demograficas | C2: Año
A3: comunidad | B3: demograficas | C3: Comunidad
A4: dotacion_n_hospitales | B4: dotacion | C4: Nº de Hospitales
A5: dotacion_camas_instaladas | B5: dotacion | C5: Camas instaladas
A6: dotacion_camas_funcionamiento | B6: dotacion | C6: Camas en funcionamiento
A7: dotacion_camas_presion_variable | B7: dotacion | C7: Camas de presión variable en funcionamiento: habitaciones con regulación de presión ambiental
A8: dotacion_puestos_urpas | B8: dotacion | C8: Puestos en URPAS - unidades de reanimación postanestésica
A9: dotacion_incubadoras | B9: dotacion | C9: Incubadoras (en funcionamiento)
A10: dotacion_paritorios | B10: dotacion | C10: Paritorios en funcionamiento
A11: dotacion_camas_agudos | B11: dotacion | C11: Camas H. de agudos
A12: dotacion_camas_psiquiatricos | B12: dotacion | C12: Camas H. psiquiátricos
... A173: gasto_farmacia_percapita_real | B173: gasto | C173: Gasto en farmacia en términos reales (base 2010)

Sheet Hoja2
C1: dotacion | D1: dotacion | E1: dotacion | F1: dotacion | G1: dotacion | H1: dotacion | I1: dotacion | J1: dotacion | K1: dotacion | L1: dotacion | M1: dotacion | N1: dotacion | O1: dotacion | P1: dotacion | Q1: dotacion | R1: dotacion | S1: dotacion | T1: dotacion | U1: dotacion | V1: dotacion | W1: dotacion | X1: dotacion | Y1: dotacion | Z1: dotacion | AA1: dotacion | AB1: dotacion | AC1: dotacion | AD1: dotacion | AE1: dotacion | AF1: dotacion | AG1: dotacion tecnologica | AH1: dotacion tecnologica | AI1: dotacion tecnologica | AJ1: dotacion tecnologica | AK1: dotacion tecnologica | AL1: dotacion tecnologica | AM1: dotacion tecnologica | AN1: dotacion tecnologica | AO1: dotacion tecnologica | AP1: dotacion tecnologica | AQ1: dotacion tecnologica | AR1: dotacion tecnologica | AS1: dotacion tecnologica | AT1: dotacion tecnologica | AU1: dotacion tecnologica | AV1: dotacion tecnologica | AW1: dotacion tecnologica | AX1: dotacion tecnologica | AY1: dotacion tecnologica | AZ1: dotacion tecnologica | BA1: dotacion tecnologica | BB1: dotacion tecnologica | BC1: dotacion tecnologica | BD1: dotacion tecnologica | BE1: dotacion tecnologica | BF1: dotacion tecnologica | BG1: dotacion tecnologica | BH1: dotacion tecnologica | BI1: dotacion tecnologica | BJ1: dotacion tecnologica | BK1: dotacion tecnologica | BL1: personal | BM1: personal | BN1: personal | BO1: personal | BP1: personal | BQ1: personal | BR1: personal | BS1: personal | BT1: personal | BU1: personal | BV1: personal | BW1: personal | BX1: personal | BY1: personal | BZ1: personal | CA1: personal | CB1: personal | CC1: personal | CD1: personal | CE1: personal | CF1: actividad hospitalizacion | CG1: actividad hospitalizacion | CH1: actividad hospitalizacion | CI1: actividad hospitalizacion | CJ1: actividad hospitalizacion | CK1: actividad hospitalizacion | CL1: actividad hospitalizacion | CM1: actividad hospitalizacion | CN1: actividad quirúrgica | CO1: actividad quirúrgica | CP1: actividad quirúrgica | CQ1: actividad quirúrgica | CR1: actividad quirúrgica | CS1: actividad quirúrgica | CT1: actividad obstétrica | CU1: actividad obstétrica | CV1: actividad obstétrica | CW1: actividad obstétrica | CX1: actividad obstétrica | CY1: actividad obstétrica | CZ1: actividad en consultas | DA1: actividad en consultas | DB1: actividad en consultas | DC1: actividad en consultas | DD1: actividad en consultas | DE1: actividad diagnostica | DF1: actividad diagnostica | DG1: actividad diagnostica | DH1: actividad diagnostica | DI1: actividad diagnostica | DJ1: actividad diagnostica | DK1: actividad diagnostica | DL1: actividad diagnostica | DM1: actividad diagnostica | DN1: actividad diagnostica | DO1: actividad diagnostica | DP1: actividad diagnostica | DQ1: actividad diagnostica | DR1: actividad diagnostica | DS1: actividad diagnostica | DT1: actividad diagnostica | DU1: actividad diagnostica | DV1: actividad diagnostica | DW1: actividad diagnostica | DX1: actividad diagnostica | DY1: actividad diagnostica | DZ1: actividad diagnostica | EA1: actividad diagnostica | EB1: urgencias | EC1: urgencias | ED1: urgencias | EE1: urgencias | EF1: urgencias | EG1: urgencias | EH1: urgencias | EI1: urgencias | EJ1: actividad_otras_areas | EK1: actividad_otras_areas | EL1: actividad_otras_areas | EM1: actividad_otras_areas | EN1: actividad_otras_areas | EO1: actividad_otras_areas | EP1: actividad_otras_areas | EQ1: actividad_otras_areas | ER1: actividad_otras_areas | ES1: actividad_otras_areas | ET1: actividad_otras_areas | EU1: actividad_otras_areas | EV1: actividad_otras_areas | EW1: actividad_otras_areas | EX1: financiacion | EY1: financiacion | EZ1: financiacion | FA1: financiacion | FB1: financiacion | FC1: financiacion | FD1: financiacion | FE1: gasto | FF1: gasto | FG1: gasto | FH1: gasto | FI1: gasto | FJ1: gasto
A2: Año | B2: Comunidad | C2: Nº de Hospitales | D2: Camas instaladas | E2: Camas en funcionamiento | F2: Camas de presión variable en funcionamiento | G2: Puestos en URPAS | H2: Incubadoras (en funcionamiento) | I2: Paritorios en funcionamiento | J2: Camas H. de agudos | K2: Camas H. psiquiátricos | L2: Camas H. media/larga estancia | M2: Quirófanos (total) | N2: Quirófanos propios de CMA | O2: Quirófanos robotizados | P2: Puestos de Hospital de Día Médico | Q2: Puestos de Hospital de Día Psiquiátrico | R2: Puestos de Hospital de Día Geriátrico | S2: Puestos de Hospital de Día Quirúrgico | T2: Total Puestos Hospital de Día | U2: Reserva estratégica de productos sanitarios | V2: Camas instaladas por 1.000 hab | W2: Camas en funcionamiento por 1.000 hab | X2: Camas de agudos por 1.000 hab | Y2: Camas de psiquiatría por 1.000 hab | Z2: Camas de larga estancia por 1.000 hab | AA2: Quirófanos por 1.000 hab | AB2: Puestos de Hospital de Día Médico por 100.000 hab | AC2: Puestos de Hospital de Día Psiquiátrico por 100.000 hab | AD2: Puestos de Hospital de Día Geriátrico por 100.000 hab | AE2: Puestos de Hospital de Día Quirúrgico por 100.000 hab | AF2: Total Puestos Hospital de Día por 100.000 hab | AG2: Equipos de Angiografía Digital | AH2: Densitómetros óseos | AI2: Equipos de Gammacámara | AJ2: Mamógrafos | AK2: Equipos de PET/PET-TC | AL2: Equipos de Resonancia Nuclear Magnética | AM2: Equipos SPECT | AN2: Equipos de TAC | AO2: Neuronavegador | AP2: Aceleradores lineales | AQ2: Equipos de protonterapia | AR2: Equipos de braquiterapia | AS2: Bombas de telecobaltoterapia | AT2: Salas de Hemodinámica | AU2: Salas de electrofisiología cardiaca | AV2: Equipos de Litotricia Renal | AW2: Equipos de Hemodiálisis | AX2: Respiradores ventilación mecánica asistida (RVMA) | AY2: Equipos de Angiografo Digital por 1.000.000 hab | AZ2: Densitómetros óseos por 1.000.000 hab | BA2: Equipos de Gammacámara por 1.000.000 hab | BB2: Mamógrafos por 1.000.000 hab | BC2: Equipos de PET/PET-TC por 1.000.000 hab | BD2: Equipos de RNM por 1.000.000 hab | BE2: Equipos SPECT por 1.000.000 hab | BF2: Equipos de TAC por 1.000.000 hab | BG2: Aceleradores lineales por 1.000.000 hab | BH2: Bombas de telecobaltoterapia por 1.000.000 hab | BI2: Equipos de Hemodiálisis por 1.000.000 hab | BJ2: Equipos de Litotricia Renal por 1.000.000 hab | BK2: Salas de Hemodinámica en funcionamiento por 1.000.000 hab | BL2: Personal Total Vinculado | BM2: Personal Total Colaborador | BN2: Médicos Vinculados | BO2: Médicos Colaboradores | BP2: Médicos Internos Residentes | BQ2: Enfermeros Vinculados | BR2: Técnicos Sanitarios Vinculados | BS2: Personal NO Sanitario | BT2: Personal Total Vinculado por 1.000 hab | BU2: Médicos Vinculados por 1.000 hab | BV2: Médicos Internos Residentes por 1.000 hab | BW2: Enfermeros Vinculados por 1.000 hab | BX2: Técnicos Sanitarios Vinculados por 1.000 hab | BY2: Personal NO Sanitario por 1.000 hab | BZ2: Personal vinculado | CA2: Personal en formación | CB2: Personal colaborador | CC2: Personal vinculado por 1.000 hab | CD2: Personal en formación por 1.000 hab | CE2: Personal colaborador por 1.000 hab | CF2: Altas | CG2: Estancias | CH2: Altas por 1.000 hab | CI2: Estancias por 1.000 hab | CJ2: Estancia Media | CK2: Indice de Ocupación | CL2: Indice de Rotación | CM2: Mortalidad (% altas por fallecimiento) | CN2: Intervenciones con Ingreso | CO2: Intervenciones CMA | CP2: Resto de Intervenciones | CQ2: Total Intervenciones | CR2: Frecuentación: Total Interveciones por 1.000 hab | CS2: Tasa de ambulatorización: % Intervenciones CMA | CT2: Partos vía vaginal | CU2: Cesáreas | CV2: Total partos | CW2: Nacidos vivos | CX2: Tasa de cesáreas | CY2: Índice de fecundidad por 1.000 hab | CZ2: Primeras Consultas | DA2: Consultas Totales | DB2: Telemáticas Totales | DC2: Frecuentación: Nº Consultas por 1.000 hab | DD2: Porcentaje de Primeras/Totales | DE2: Angiografía Digital | DF2: Gammagrafía | DG2: Mamografía | DH2: PET | DI2: Resonancia Magnética | DJ2: SPECT | DK2: TAC | DL2: Neurovegador | DM2: Biopsias | DN2: Necropsias | DO2: Colonoscopias totales | DP2: Broncoscopias totales | DQ2: ERCP totales | DR2: Angiografía Digital por 1.000 hab | DS2: Gammagrafía por 1.000 hab | DT2: Mamografía por 1.000 hab | DU2: PET por 1.000 hab | DV2: Resonancia Magnética por 1.000 hab | DW2: SPECT por 1.000 hab | DX2: TAC por 1.000 hab | DY2: Colonoscopias totales por 1.000 hab | DZ2: Broncoscopias totales por 1.000 hab | EA2: ERCP totales por 1.000 hab | EB2: Altas | EC2: Ingresos | ED2: Traslados | EE2: Fallecimientos | EF2: Total Urgencias Atendidas | EG2: Porcentaje de Urgencias Ingresadas | EH2: Presión de Urgencias | EI2: Frecuentación por 1.000 hab | EJ2: Total Sesiones HD | EK2: Episodios de Hospitalización a Domicilio | EL2: Visitas en Hospitalización a Domicilio | EM2: Estudios de Hemodinámica | EN2: Tratamientos de Radiología Intervencionista | EO2: Estudios de Electrofisiología | EP2: Sesiones en Acelerador Lineal | EQ2: Sesiones en Protonterapia | ER2: Sesiones en Braquiterapia | ES2: Sesiones en Bombas de Cobalto | ET2: Otras Sesiones de Radioterapia | EU2: Sesiones de Fisioterapia | EV2: Sesiones de Hemodiálisis | EW2: Sesiones de Diálisis Peritoneal | EX2: Altas | EY2: Estancias | EZ2: Consultas | FA2: CMA | FB2: Urgencias | FC2: Sesiones HD | FD2: Hospitalización a domicilio | FE2: TOTAL GASTO | FF2: Gastos de Personal | FG2: Resto de Gastos | FH2: Compras Farmacia | FI2: Resto Compras | FJ2: Gasto por habitante
B3: categoría | C3: dotacion | D3: dotacion | E3: dotacion | F3: dotacion | G3: dotacion | H3: dotacion | I3: dotacion | J3: dotacion | K3: dotacion | L3: dotacion | M3: dotacion | N3: dotacion | O3: dotacion | P3: dotacion | Q3: dotacion | R3: dotacion | S3: dotacion | T3: dotacion | U3: dotacion | V3: dotacion | W3: dotacion | X3: dotacion | Y3: dotacion | Z3: dotacion | AA3: dotacion | AB3: dotacion | AC3: dotacion | AD3: dotacion | AE3: dotacion | AF3: dotacion | AG3: dotacion_tecnologica | AH3: dotacion_tecnologica | AI3: dotacion_tecnologica | AJ3: dotacion_tecnologica | AK3: dotacion_tecnologica | AL3: dotacion_tecnologica | AM3: dotacion_tecnologica | AN3: dotacion_tecnologica | AO3: dotacion_tecnologica | AP3: dotacion_tecnologica | AQ3: dotacion_tecnologica | AR3: dotacion_tecnologica | AS3: dotacion_tecnologica | AT3: dotacion_tecnologica | AU3: dotacion_tecnologica | AV3: dotacion_tecnologica | AW3: dotacion_tecnologica | AX3: dotacion_tecnologica | AY3: dotacion_tecnologica | AZ3: dotacion_tecnologica | BA3: dotacion_tecnologica | BB3: dotacion_tecnologica | BC3: dotacion_tecnologica | BD3: dotacion_tecnologica | BE3: dotacion_tecnologica | BF3: dotacion_tecnologica | BG3: dotacion_tecnologica | BH3: dotacion_tecnologica | BI3: dotacion_tecnologica | BJ3: dotacion_tecnologica | BK3: dotacion_tecnologica | BL3: personal | BM3: personal | BN3: personal | BO3: personal | BP3: personal | BQ3: personal | BR3: personal | BS3: personal | BT3: personal | BU3: personal | BV3: personal | BW3: personal | BX3: personal | BY3: personal | BZ3: personal | CA3: personal | CB3: personal | CC3: personal | CD3: personal | CE3: personal | CF3: hospitalizacion | CG3: hospitalizacion | CH3: hospitalizacion | CI3: hospitalizacion | CJ3: hospitalizacion | CK3: hospitalizacion | CL3: hospitalizacion | CM3: hospitalizacion | CN3: quirurgica | CO3: quirurgica | CP3: quirurgica | CQ3: quirurgica | CR3: quirurgica | CS3: quirurgica | CT3: obstetrica | CU3: obstetrica | CV3: obstetrica | CW3: obstetrica | CX3: obstetrica | CY3: obstetrica | CZ3: consultas | DA3: consultas | DB3: consultas | DC3: consultas | DD3: consultas | DE3: diagnostica | DF3: diagnostica | DG3: diagnostica | DH3: diagnostica | DI3: diagnostica | DJ3: diagnostica | DK3: diagnostica | DL3: diagnostica | DM3: diagnostica | DN3: diagnostica | DO3: diagnostica | DP3: diagnostica | DQ3: diagnostica | DR3: diagnostica | DS3: diagnostica | DT3: diagnostica | DU3: diagnostica | DV3: diagnostica | DW3: diagnostica | DX3: diagnostica | DY3: diagnostica | DZ3: diagnostica | EA3: diagnostica | EB3: urgencias | EC3: urgencias | ED3: urgencias | EE3: urgencias | EF3: urgencias | EG3: urgencias | EH3: urgencias | EI3: urgencias | EJ3: otra_actividad | EK3: otra_actividad | EL3: otra_actividad | EM3: otra_actividad | EN3: otra_actividad | EO3: otra_actividad | EP3: otra_actividad | EQ3: otra_actividad | ER3: otra_actividad | ES3: otra_actividad | ET3: otra_actividad | EU3: otra_actividad | EV3: otra_actividad | EW3: otra_actividad | EX3: financiacion | EY3: financiacion | EZ3: financiacion | FA3: financiacion | FB3: financiacion | FC3: financiacion | FD3: financiacion | FE3: gasto | FF3: gasto | FG3: gasto | FH3: gasto | FI3: gasto | FJ3: gasto
B4: variable | C4: n_hospitales | D4: camas_instaladas | E4: camas_funcionamiento | F4: camas_presion_variable | G4: puestos_urpas | H4: incubadoras | I4: paritorios | J4: camas_agudos | K4: camas_psiquiatricos | L4: camas_medialarga_estancia | M4: quirofanos_total | N4: quirofanos_cma | O4: quirofanos_robotizados | P4: puestos_hospital_dia_medico | Q4: puestos_hospital_dia_psiquiatrico | R4: puestos_hospital_dia_geriatrico | S4: puestos_hospital_dia_quirurgico | T4: puestos_hospital_dia_total | U4: reserva_estrategica | V4: camas_instaladas_1000h | W4: camas_funcionamiento_1000h | X4: camas_agudos_1000h | Y4: camas_psiquiatria_1000h | Z4: camas_larga_estancia_1000h | AA4: quirofanos_1000h | AB4: puestos_hospital_dia_medico_1000h | AC4: puestos_hospital_dia_psiquiatrico_1000h | AD4: puestos_hospital_dia_geriatrico_1000h | AE4: puestos_hospital_dia_quirurgico_1000h | AF4: puestos_hospital_dia_total_1000h | AG4: angiografia_digital | AH4: densitometros_oseos | AI4: gammacamara | AJ4: mamografos | AK4: pet_pet-tc | AL4: rnm | AM4: spect | AN4: tac | AO4: neuronavegadores | AP4: aceladores_lineales | AQ4: protonterapia | AR4: braquiterapia | AS4: bombas_telecobaltoterapia | AT4: salas_hemodinamica | AU4: salas_electrofisiologia_cardiaca | AV4: litotricia_renal | AW4: hemodialisis | AX4: rvma | AY4: angiografo_1000000h | AZ4: densitometros_oseos_1000000h | BA4: gammacamara_1000000h | BB4: mamografos_1000000h | BC4: pet_pet-tc_1000000h | BD4: rnm_1000000h | BE4: spect_1000000h | BF4: tac_1000000h | BG4: aceleradores_lineales_1000000h | BH4: bombas_telecobaltoterapia_1000000h | BI4: hemodialisis_1000000h | BJ4: litotricia_1000000h | BK4: salas_hemodinamica_1000000h | BL4: personal_total_vinculado | BM4: personal_total_colaborador | BN4: medicos_vinculados | BO4: medicos_colaboradores | BP4: mir | BQ4: enfermeros_vinculados | BR4: tecnicos_sanitarios_vinculados | BS4: personal_no_sanitario | BT4: personal_total_vinculado_1000h | BU4: medicos_vinculados_1000h | BV4: mir_1000h | BW4: enferemeros_vinculados_1000h | BX4: tecnicos_sanitarios_vinculados_1000h | BY4: personal_no_sanitario_1000h | BZ4: personal_vinculado | CA4: personal_formacion | CB4: personal_colaborador | CC4: personal_vinculado_1000h | CD4: personal_formacion_1000h | CE4: personal_colaborador_1000h | CF4: altas | CG4: Estancias | CH4: altas_1000h | CI4: estancis_1000h | CJ4: estancia_media | CK4: indica_ocupacion | CL4: indice_rotacion | CM4: mortalidad | CN4: intervenciones_con_ingreso | CO4: intervencias_cma | CP4: resto_intervenciones | CQ4: total_intervenciones | CR4: total_intervenciones_1000h | CS4: tasa_ambulatorizacion | CT4: partos_vaginal | CU4: partos_cesarea | CV4: total_partos | CW4: nacidos_vivos | CX4: tasa_cesareas | CY4: indice_fecundidad_1000h | CZ4: primeras_consultas | DA4: consultas_totales | DB4: telematicas | DC4: consultas_1000h | DD4: porcentaje_primeras_consultas_totales | DE4: angiografica_digital | DF4: gammagrafia | DG4: mamografia | DH4: pet | DI4: resonancia_magnetica | DJ4: spect | DK4: tac | DL4: neuronavegador | DM4: biopsias | DN4: necropsias | DO4: colonoscopias_totales | DP4: broncoscopias_totales | DQ4: ercp | DR4: angiografia_digital_1000h | DS4: gammagrafia_1000h | DT4: mamografia_1000h | DU4: pet_1000h | DV4: resonancia_magnetica_1000h | DW4: spect_1000 | DX4: tac_1000h | DY4: colonospias_1000h | DZ4: broncoscopias_1000h | EA4: ercp_1000h | EB4: altas | EC4: ingresos | ED4: traslados | EE4: fallecimientos | EF4: total_urgencias | EG4: porcentaje_urgencias_ingresadas | EH4: presion_urgencias | EI4: frecuentacion_1000h | EJ4: total_sesiones_hd | EK4: episodios_hospitalizacion_domicilio | EL4: visitas_hospitalizacion_domicilio | EM4: estudios_hemodinamica | EN4: tratamiento_radiologia_intervencionista | EO4: estudios_electrofisiologia | EP4: sesiones_acelerador_lineal | EQ4: sesiones_protonterapia | ER4: sesiones_braquiterapia | ES4: sesiones_bombas_cobalto | ET4: otras_sesiones_radioterapia | EU4: sesiones_fisioterapia | EV4: sesiones_hemodialisis | EW4: sesiones_dialisis_peritoenal | EX4: altas | EY4: estancias | EZ4: consultas | FA4: cma | FB4: urgencias | FC4: sesiones_hd | FD4: hospitalizacion_domicilio | FE4: total_gasto | FF4: gasto_personal | FG4: resto_gastos | FH4: compras_farmacia | FI4: resto_compras | FJ4: _resto_habitante
A5: año | B5: comunidad | C5: =+CONCATENATE(C3,"_",C4) -> dotacion_n_hospitales | D5: =+CONCATENATE(D3,"_",D4) -> dotacion_camas_instaladas | E5: =+CONCATENATE(E3,"_",E4) -> dotacion_camas_funcionamiento | F5: =+CONCATENATE(F3,"_",F4) -> dotacion_camas_presion_variable | G5: =+CONCATENATE(G3,"_",G4) -> dotacion_puestos_urpas | H5: =+CONCATENATE(H3,"_",H4) -> dotacion_incubadoras | I5: =+CONCATENATE(I3,"_",I4) -> dotacion_paritorios | J5: =+CONCATENATE(J3,"_",J4) -> dotacion_camas_agudos | ... FJ5: =+CONCATENATE(FJ3,"_",FJ4) -> gasto__resto_habitante | FK5: habitantes
A6: 2010 | B6: Andalucía | C6: 47 | D6: 15956 | E6: 14392 | F6: 0 | G6: 0 | H6: 439 | I6: 108 | J6: 13253 | K6: 867 | L6: 272 | M6: 483 | N6: 82 | O6: 0 | P6: 932 | Q6: 361 | R6: 0 | S6: 886 | T6: 2179 | U6: 0 | V6: 1.94 | W6: 1.75 | X6: 1.61 | Y6: 0.11 | Z6: 0.03 | AA6: 0.06 | AB6: 11.31 | AC6: 4.38 | AD6: 0 | AE6: 10.75 | AF6: 26.45 | AG6: 25 | AH6: 16 | AI6: 25 | AJ6: 67 | AK6: 3 | AL6: 25 | AM6: 10 | AN6: 87 | AO6: 0 | AP6: 24 | AQ6: 0 | AR6: 0 | AS6: 3 | AT6: 24 | AU6: 0 | AV6: 6 | AW6: 512 | AX6: 0 | AY6: 3.03 | AZ6: 1.94 | BA6: 3.03 | BB6: 8.13 | BC6: 0.36 | BD6: 3.03 | BE6: 1.21 | BF6: 10.56 | BG6: 2.91 | BH6: 0.36 | BI6: 62.14 | BJ6: 0.73 | BK6: 2.91 | BL6: 76658 | BM6: 42 | BN6: 11758 | BO6: 40 | BP6: 2993 | BQ6: 22209 | BR6: 20794 | BS6: 20665 | BT6: 9.3 | BU6: 1.43 | BV6: 0.36 | BW6: 2.7 | BX6: 2.52 | BY6: 2.51 | BZ6: 76658 | CA6: 3161 | CB6: 42 | CC6: 9.3 | CD6: 0.38 | CE6: 0.01 | CF6: 582152 | CG6: 4073267 | CH6: 70.66 | CI6: 494.4 | CJ6: 7 | CK6: 77.54 | CL6: 40.45 | CM6: 4.31 | CN6: 218419 | CO6: 183965 | CP6: 136068 | CQ6: 538452 | CR6: 65.36 | CS6: 45.72 | CT6: 59225 | CU6: 16752 | CV6: 75977 | CW6: 77127 | CX6: 22.05 | CY6: 36.59 | CZ6: 4338177 | DA6: 11343079 | DB6: 0 | DC6: 1376.79 | DD6: 38.25 | DE6: 13401 | DF6: 59586 | DG6: 209751 | DH6: 10284 | DI6: 153923 | DJ6: 6792 | DK6: 522192 | DL6: 0 | DM6: 376038 | DN6: 691 | DO6: 0 | DP6: 0 | DQ6: 0 | DR6: 1.63 | DS6: 7.23 | DT6: 25.46 | DU6: 1.25 | DV6: 18.68 | DW6: 0.82 | DX6: 63.38 | DY6: 0 | DZ6: 0 | EA6: 0 | EB6: 3817187 | EC6: 359150 | ED6: 52291 | EE6: 4336 | EF6: 4232964 | EG6: 8.48 | EH6: 61.76 | EI6: 513.78 | EJ6: 516462 | EK6: 15963 | EL6: 30081 | EM6: 26482 | EN6: 20572 | EO6: 0 | EP6: 217164 | EQ6: 0 | ER6: 0 | ES6: 11529 | ET6: 1586 | EU6: 2566240 | EV6: 198237 | EW6: 69306 | EX6: 582152 | EY6: 4073267 | EZ6: 11343079 | FA6: 183965 | FB6: 4232964 | FC6: 516462 | FD6: 15963 | FE6: 5403619800 | FF6: 3358777344 | FG6: 370321190 | FH6: 495093547 | FI6: 1179427719 | FJ6: 655.87 | FK6: =+D6/V6*1000 -> 8224742.3
A7: 2010 | B7: Aragón | C7: 20 | D7: 4541 | E7: 4127 | F7: 0 | G7: 0 | H7: 56 | I7: 17 | J7: 3480 | K7: 625 | L7: 22 | M7: 93 | N7: 0 | O7: 0 | P7: 119 | Q7: 57 | R7: 51 | S7: 46 | T7: 273 | U7: 0 | V7: 3.46 | W7: 3.14 | X7: 2.65 | Y7: 0.48 | Z7: 0.02 | AA7: 0.07 | AB7: 9.06 | AC7: 4.34 | AD7: 3.88 | AE7: 3.5 | AF7: 20.79 | AG7: 4 | AH7: 2 | AI7: 5 | AJ7: 24 | AK7: 0 | AL7: 7 | AM7: 4 | AN7: 17 | AO7: 0 | AP7: 4 | AQ7: 0 | AR7: 0 | AS7: 0 | AT7: 4 | AU7: 0 | AV7: 2 | AW7: 133 | AX7: 0 | AY7: 3.05 | AZ7: 1.52 | BA7: 3.81 | BB7: 18.28 | BC7: 0 | BD7: 5.33 | BE7: 3.05 | BF7: 12.95 | BG7: 3.05 | BH7: 0 | BI7: 101.28 | BJ7: 1.52 | BK7: 3.05 | BL7: 17136 | BM7: 65 | BN7: 2681 | BO7: 62 | BP7: 633 | BQ7: 4932 | BR7: 4701 | BS7: 4523 | BT7: 13.05 | BU7: 2.04 | BV7: 0.48 | BW7: 3.76 | BX7: 3.58 | BY7: 3.44 | BZ7: 17136 | CA7: 674 | CB7: 65 | CC7: 13.05 | CD7: 0.51 | CE7: 0.05 | CF7: 138724 | CG7: 1180511 | CH7: 105.64 | CI7: 898.99 | CJ7: 8.51 | CK7: 78.37 | CL7: 33.61 | CM7: 4.05 | CN7: 60332 | CO7: 17255 | CP7: 26142 | CQ7: 103729 | CR7: 78.99 | CS7: 22.24 | CT7: 8364 | CU7: 1807 | CV7: 10171 | CW7: 10344 | CX7: 17.77 | CY7: 34.05 | CZ7: 839967 | DA7: 2496965 | DB7: 0 | DC7: 1901.51 | DD7: 33.64 | DE7: 818 | DF7: 14715 | DG7: 53910 | DH7: 0 | DI7: 30124 | DJ7: 1431 | DK7: 96187 | DL7: 0 | DM7: 97843 | DN7: 161 | DO7: 0 | DP7: 0 | DQ7: 0 | DR7: 0.62 | DS7: 11.21 | DT7: 41.05 | DU7: 0 | DV7: 22.94 | DW7: 1.09 | DX7: 73.25 | DY7: 0 | DZ7: 0 | EA7: 0 | EB7: 491601 | EC7: 77040 | ED7: 5344 | EE7: 493 | EF7: 574478 | EG7: 13.41 | EH7: 55.51 | EI7: 437.48 | EJ7: 63763 | EK7: 564 | EL7: 1146 | EM7: 3906 | EN7: 4351 | EO7: 0 | EP7: 43783 | EQ7: 0 | ER7: 0 | ES7: 0 | ET7: 3685 | EU7: 952571 | EV7: 54641 | EW7: 2524 | EX7: 138724 | EY7: 1180511 | EZ7: 2496965 | FA7: 17255 | FB7: 574478 | FC7: 63763 | FD7: 564 | FE7: 1267077843 | FF7: 843748770 | FG7: 41322789 | FH7: 149505096 | FI7: 232501188 | FJ7: 964.92 | FK7: =+D7/V7*1000 -> 1312427.7
A8: 2010 | B8: Asturias, Principado de | C8: 10 | D8: 3363 | E8: 3002 | F8: 0 | G8: 0 | H8: 57 | I8: 20 | J8: 2888 | K8: 94 | L8: 20 | M8: 69 | N8: 1 | O8: 0 | P8: 181 | Q8: 97 | R8: 15 | S8: 111 | T8: 404 | U8: 0 | V8: 3.18 | W8: 2.84 | X8: 2.73 | Y8: 0.09 | Z8: 0.02 | AA8: 0.07 | AB8: 17.12 | AC8: 9.18 | AD8: 1.42 | AE8: 10.5 | AF8: 38.22 | AG8: 4 | AH8: 1 | AI8: 0 | AJ8: 12 | AK8: 0 | AL8: 7 | AM8: 2 | AN8: 13 | AO8: 0 | AP8: 5 | AQ8: 0 | AR8: 0 | AS8: 1 | AT8: 3 | AU8: 0 | AV8: 1 | AW8: 98 | AX8: 0 | AY8: 3.78 | AZ8: 0.95 | BA8: 0 | BB8: 11.35 | BC8: 0 | BD8: 6.62 | BE8: 1.89 | BF8: 12.3 | BG8: 4.73 | BH8: 0.95 | BI8: 92.7 | BJ8: 0.95 | BK8: 2.84 | BL8: 12456 | BM8: 16 | BN8: 2129 | BO8: 16 | BP8: 430 | BQ8: 3475 | BR8: 3372 | BS8: 3186 | BT8: 11.78 | BU8: 2.01 | BV8: 0.41 | BW8: 3.29 | BX8: 3.19 | BY8: 3.01 | BZ8: 12456 | CA8: 450 | CB8: 16 | CC8: 11.78 | CD8: 0.43 | CE8: 0.02 | CF8: 113381 | CG8: 876301 | CH8: 107.25 | CI8: 828.94 | CJ8: 7.73 | CK8: 79.97 | CL8: 37.77 | CM8: 4.89 | CN8: 37031 | CO8: 21013 | CP8: 8643 | CQ8: 66687 | CR8: 63.08 | CS8: 36.2 | CT8: 5782 | CU8: 1352 | CV8: 7134 | CW8: 7241 | CX8: 18.95 | CY8: 29.87 | CZ8: 634099 | DA8: 1963823 | DB8: 0 | DC8: 1857.69 | DD8: 32.29 | DE8: 897 | DF8: 0 | DG8: 55927 | DH8: 0 | DI8: 44464 | DJ8: 0 | DK8: 91546 | DL8: 0 | DM8: 71637 | DN8: 278 | DO8: 0 | DP8: 0 | DQ8: 0 | DR8: 0.85 | DS8: 0 | DT8: 52.9 | DU8: 0 | DV8: 42.06 | DW8: 0 | DX8: 86.6 | DY8: 0 | DZ8: 0 | EA8: 0 | EB8: 378024 | EC8: 73495 | ED8: 7234 | EE8: 472 | EF8: 459225 | EG8: 16 | EH8: 65.54 | EI8: 434.41 | EJ8: 87746 | EK8: 817 | EL8: 23726 | EM8: 4644 | EN8: 4993 | EO8: 0 | EP8: 48096 | EQ8: 0 | ER8: 0 | ES8: 8667 | ET8: 1341 | EU8: 1126336 | EV8: 41809 | EW8: 13108 | EX8: 113381 | EY8: 876301 | EZ8: 1963823 | FA8: 21013 | FB8: 459225 | FC8: 87746 | FD8: 817 | FE8: 928422483 | FF8: 611330833 | FG8: 57122970 | FH8: 101587802 | FI8: 158380878 | FJ8: 878.25 | FK8: =+D8/V8*1000 -> 1057547.2
A9: 2010 | B9: Balears, Illes | C9: 12 | D9: 2508 | E9: 2364 | F9: 0 | G9: 0 | H9: 71 | I9: 17 | J9: 1888 | K9: 281 | L9: 195 | M9: 59 | N9: 2 | O9: 0 | P9: 101 | Q9: 96 | R9: 0 | S9: 65 | T9: 262 | U9: 0 | V9: 2.32 | W9: 2.19 | X9: 1.75 | Y9: 0.26 | Z9: 0.18 | AA9: 0.05 | AB9: 9.35 | AC9: 8.89 | AD9: 0 | AE9: 6.02 | AF9: 24.26 | AG9: 2 | AH9: 1 | AI9: 2 | AJ9: 9 | AK9: 0 | AL9: 7 | AM9: 0 | AN9: 9 | AO9: 0 | AP9: 2 | AQ9: 0 | AR9: 0 | AS9: 1 | AT9: 2 | AU9: 0 | AV9: 1 | AW9: 100 | AX9: 0 | AY9: 1.85 | AZ9: 0.93 | BA9: 1.85 | BB9: 8.33 | BC9: 0 | BD9: 6.48 | BE9: 0 | BF9: 8.33 | BG9: 1.85 | BH9: 0.93 | BI9: 92.59 | BJ9: 0.93 | BK9: 1.85 | BL9: 11088 | BM9: 31 | BN9: 1744 | BO9: 27 | BP9: 355 | BQ9: 3258 | BR9: 3040 | BS9: 2698 | BT9: 10.27 | BU9: 1.61 | BV9: 0.33 | BW9: 3.02 | BX9: 2.81 | BY9: 2.5 | BZ9: 11088 | CA9: 382 | CB9: 31 | CC9: 10.27 | CD9: 0.35 | CE9: 0.03 | CF9: 84032 | CG9: 688779 | CH9: 77.8 | CI9: 637.72 | CJ9: 8.2 | CK9: 79.83 | CL9: 35.55 | CM9: 4.09 | CN9: 31716 | CO9: 19973 | CP9: 14214 | CQ9: 65903 | CR9: 61.02 | CS9: 38.64 | CT9: 6796 | CU9: 1729 | CV9: 8525 | CW9: 8649 | CX9: 20.28 | CY9: 31.05 | CZ9: 447778 | DA9: 1413406 | DB9: 0 | DC9: 1308.63 | DD9: 31.68 | DE9: 1202 | DF9: 10180 | DG9: 16662 | DH9: 0 | DI9: 24424 | DJ9: 0 | DK9: 58538 | DL9: 0 | DM9: 63862 | DN9: 327 | DO9: 0 | DP9: 0 | DQ9: 0 | DR9: 1.11 | DS9: 9.43 | DT9: 15.43 | DU9: 0 | DV9: 22.61 | DW9: 0 | DX9: 54.2 | DY9: 0 | DZ9: 0 | EA9: 0 | EB9: 395261 | EC9: 52811 | ED9: 3729 | EE9: 373 | EF9: 452174 | EG9: 11.68 | EH9: 63.76 | EI9: 418.65 | EJ9: 68780 | EK9: 865 | EL9: 8847 | EM9: 2817 | EN9: 2404 | EO9: 0 | EP9: 17273 | EQ9: 0 | ER9: 0 | ES9: 2610 | ET9: 62 | EU9: 1039740 | EV9: 31553 | EW9: 12097 | EX9: 84032 | EY9: 688779 | EZ9: 1413406 | FA9: 19973 | FB9: 452174 | FC9: 68780 | FD9: 865 | FE9: 834682253 | FF9: 526945291 | FG9: 43172745 | FH9: 111474263 | FI9: 153089954 | FJ9: 772.81 | FK9: =+D9/V9*1000 -> 1081034.5
A10: 2010 | B10: Canarias | C10: 14 | D10: 4813 | E10: 4336 | F10: 0 | G10: 0 | H10: 109 | I10: 28 | J10: 3252 | K10: 337 | L10: 747 | M10: 92 | N10: 12 | O10: 0 | P10: 196 | Q10: 55 | R10: 18 | S10: 95 | T10: 364 | U10: 0 | V10: 2.3 | W10: 2.07 | X10: 1.55 | Y10: 0.16 | Z10: 0.36 | AA10: 0.04 | AB10: 9.37 | AC10: 2.63 | AD10: 0.86 | AE10: 4.54 | AF10: 17.4 | AG10: 10 | AH10: 4 | AI10: 8 | AJ10: 14 | AK10: 2 | AL10: 5 | AM10: 6 | AN10: 15 | AO10: 0 | AP10: 8 | AQ10: 0 | AR10: 0 | AS10: 1 | AT10: 8 | AU10: 0 | AV10: 4 | AW10: 154 | AX10: 0 | AY10: 4.78 | AZ10: 1.91 | BA10: 3.82 | BB10: 6.69 | BC10: 0.96 | BD10: 2.39 | BE10: 2.87 | BF10: 7.17 | BG10: 3.82 | BH10: 0.48 | BI10: 73.6 | BJ10: 1.91 | BK10: 3.82 | BL10: 21097 | BM10: 39 | BN10: 2935 | BO10: 35 | BP10: 804 | BQ10: 5615 | BR10: 5955 | BS10: 6161 | BT10: 10.08 | BU10: 1.4 | BV10: 0.38 | BW10: 2.68 | BX10: 2.85 | BY10: 2.94 | BZ10: 21097 | CA10: 864 | CB10: 39 | CC10: 10.08 | CD10: 0.41 | CE10: 0.02 | CF10: 124811 | CG10: 1283147 | CH10: 59.65 | CI10: 613.23 | CJ10: 10.28 | CK10: 81.08 | CL10: 28.78 | CM10: 4.31 | CN10: 52342 | CO10: 17064 | CP10: 19340 | CQ10: 88746 | CR10: 42.41 | CS10: 24.59 | CT10: 12574 | CU10: 2981 | CV10: 15555 | CW10: 15774 | CX10: 19.16 | CY10: 28.12 | CZ10: 1067963 | DA10: 2921512 | DB10: 0 | DC10: 1396.23 | DD10: 36.56 | DE10: 12734 | DF10: 23175 | DG10: 39517 | DH10: 2034 | DI10: 27393 | DJ10: 1118 | DK10: 129284 | DL10: 0 | DM10: 96398 | DN10: 287 | DO10: 0 | DP10: 0 | DQ10: 0 | DR10: 6.09 | DS10: 11.08 | DT10: 18.89 | DU10: 0.97 | DV10: 13.09 | DW10: 0.53 | DX10: 61.79 | DY10: 0 | DZ10: 0 | EA10: 0 | EB10: 550296 | EC10: 70806 | ED10: 7084 | EE10: 966 | EF10: 629152 | EG10: 11.25 | EH10: 56.72 | EI10: 300.68 | EJ10: 100023 | EK10: 1248 | EL10: 18011 | EM10: 9062 | EN10: 14502 | EO10: 0 | EP10: 60798 | EQ10: 0 | ER10: 0 | ES10: 7837 | ET10: 466 | EU10: 669756 | EV10: 59444 | EW10: 12372 | EX10: 124811 | EY10: 1283147 | EZ10: 2921512 | FA10: 17064 | FB10: 629152 | FC10: 100023 | FD10: 1248 | FE10: 1569081809 | FF10: 1022757548 | FG10: 65785311 | FH10: 193945159 | FI10: 286593791 | FJ10: 749.88 | FK10: =+D10/V10*1000 -> 2092608.7
A11: 2010 | B11: Cantabria | C11: 5 | D11: 1520 | E11: 1350 | F11: 0 | G11: 0 | H11: 24 | I11: 4 | J11: 1212 | K11: 138 | L11: 0 | M11: 36 | N11: 0 | O11: 0 | P11: 88 | Q11: 67 | R11: 0 | S11: 88 | T11: 243 | U11: 0 | V11: 2.62 | W11: 2.33 | X11: 2.09 | Y11: 0.24 | Z11: 0 | AA11: 0.06 | AB11: 15.2 | AC11: 11.57 | AD11: 0 | AE11: 15.2 | AF11: 41.96 | AG11: 3 | AH11: 0 | AI11: 0 | AJ11: 5 | AK11: 1 | AL11: 4 | AM11: 3 | AN11: 7 | AO11: 0 | AP11: 3 | AQ11: 0 | AR11: 0 | AS11: 0 | AT11: 2 | AU11: 0 | AV11: 1 | AW11: 16 | AX11: 0 | AY11: 5.18 | AZ11: 0 | BA11: 0 | BB11: 8.63 | BC11: 1.73 | BD11: 6.91 | BE11: 5.18 | BF11: 12.09 | BG11: 5.18 | BH11: 0 | BI11: 27.63 | BJ11: 1.73 | BK11: 3.45 | BL11: 6367 | BM11: 1 | BN11: 971 | BO11: 1 | BP11: 299 | BQ11: 1832 | BR11: 1818 | BS11: 1626 | BT11: 11 | BU11: 1.68 | BV11: 0.52 | BW11: 3.16 | BX11: 3.14 | BY11: 2.81 | BZ11: 6367 | CA11: 309 | CB11: 1 | CC11: 11 | CD11: 0.53 | CE11: 0 | CF11: 52085 | CG11: 376422 | CH11: 89.95 | CI11: 650.05 | CJ11: 7.23 | CK11: 76.39 | CL11: 38.58 | CM11: 4.44 | CN11: 18837 | CO11: 8632 | CP11: 2776 | CQ11: 30245 | CR11: 52.23 | CS11: 31.42 | CT11: 3629 | CU11: 928 | CV11: 4557 | CW11: 4626 | CX11: 20.36 | CY11: 33.29 | CZ11: 256924 | DA11: 887642 | DB11: 0 | DC11: 1532.89 | DD11: 28.94 | DE11: 0 | DF11: 0 | DG11: 13625 | DH11: 1894 | DI11: 19657 | DJ11: 91 | DK11: 39071 | DL11: 0 | DM11: 41616 | DN11: 231 | DO11: 0 | DP11: 0 | DQ11: 0 | DR11: 0 | DS11: 0 | DT11: 23.53 | DU11: 3.27 | DV11: 33.95 | DW11: 0.16 | DX11: 67.47 | DY11: 0 | DZ11: 0 | EA11: 0 | EB11: 286353 | EC11: 33348 | ED11: 2064 | EE11: 503 | EF11: 322268 | EG11: 10.35 | EH11: 64.06 | EI11: 556.53 | EJ11: 48435 | EK11: 1216 | EL11: 19580 | EM11: 1675 | EN11: 5219 | EO11: 0 | EP11: 35621 | EQ11: 0 | ER11: 0 | ES11: 0 | ET11: 295 | EU11: 348159 | EV11: 20124 | EW11: 2635 | EX11: 52085 | EY11: 376422 | EZ11: 887642 | FA11: 8632 | FB11: 322268 | FC11: 48435 | FD11: 1216 | FE11: 490795000 | FF11: 288004353 | FG11: 27519931 | FH11: 69427885 | FI11: 105842831 | FJ11: 847.57 | FK11: =+D11/V11*1000 -> 580152.67
A12: 2010 | B12: Castilla y León | C12: 16 | D12: 7458 | E12: 6900 | F12: 0 | G12: 0 | H12: 126 | I12: 39 | J12: 6085 | K12: 663 | L12: 152 | M12: 154 | N12: 16 | O12: 0 | P12: 261 | Q12: 130 | R12: 10 | S12: 116 | T12: 517 | U12: 0 | V12: 2.99 | W12: 2.77 | X12: 2.44 | Y12: 0.27 | Z12: 0.06 | AA12: 0.06 | AB12: 10.46 | AC12: 5.21 | AD12: 0.4 | AE12: 4.65 | AF12: 20.72 | AG12: 6 | AH12: 8 | AI12: 9 | AJ12: 27 | AK12: 0 | AL12: 14 | AM12: 2 | AN12: 25 | AO12: 0 | AP12: 8 | AQ12: 0 | AR12: 0 | AS12: 1 | AT12: 7 | AU12: 0 | AV12: 1 | AW12: 249 | AX12: 0 | AY12: 2.4 | AZ12: 3.21 | BA12: 3.61 | BB12: 10.82 | BC12: 0 | BD12: 5.61 | BE12: 0.8 | BF12: 10.02 | BG12: 3.21 | BH12: 0.4 | BI12: 99.8 | BJ12: 0.4 | BK12: 2.81 | BL12: 26388 | BM12: 0 | BN12: 4350 | BO12: 0 | BP12: 991 | BQ12: 7740 | BR12: 6506 | BS12: 7326 | BT12: 10.58 | BU12: 1.74 | BV12: 0.4 | BW12: 3.1 | BX12: 2.61 | BY12: 2.94 | BZ12: 26388 | CA12: 1037 | CB12: 0 | CC12: 10.58 | CD12: 0.42 | CE12: 0 | CF12: 248384 | CG12: 1907009 | CH12: 99.55 | CI12: 764.34 | CJ12: 7.68 | CK12: 75.72 | CL12: 36 | CM12: 4.7 | CN12: 92973 | CO12: 50043 | CP12: 32344 | CQ12: 175360 | CR12: 70.28 | CS12: 34.99 | CT12: 13172 | CU12: 4598 | CV12: 17770 | CW12: 17935 | CX12: 25.88 | CY12: 31.61 | CZ12: 1359391 | DA12: 4128839 | DB12: 0 | DC12: 1654.85 | DD12: 32.92 | DE12: 4655 | DF12: 26082 | DG12: 63758 | DH12: 0 | DI12: 56594 | DJ12: 417 | DK12: 180698 | DL12: 0 | DM12: 165351 | DN12: 242 | DO12: 0 | DP12: 0 | DQ12: 0 | DR12: 1.87 | DS12: 10.45 | DT12: 25.55 | DU12: 0 | DV12: 22.68 | DW12: 0.17 | DX12: 72.42 | DY12: 0 | DZ12: 0 | EA12: 0 | EB12: 785934 | EC12: 155206 | ED12: 8888 | EE12: 783 | EF12: 950811 | EG12: 16.32 | EH12: 62.5 | EI12: 381.09 | EJ12: 160282 | EK12: 3030 | EL12: 40734 | EM12: 14381 | EN12: 14348 | EO12: 0 | EP12: 88349 | EQ12: 0 | ER12: 0 | ES12: 3093 | ET12: 5347 | EU12: 2171375 | EV12: 168489 | EW12: 53890 | EX12: 248384 | EY12: 1907009 | EZ12: 4128839 | FA12: 50043 | FB12: 950811 | FC12: 160282 | FD12: 3030 | FE12: 1945125908 | FF12: 1245198750 | FG12: 113767282 | FH12: 230826460 | FI12: 355333416 | FJ12: 779.61 | FK12: =+D12/V12*1000 -> 2494314.4
A13: 2010 | B13: Castilla - La Mancha | C13: 21 | D13: 5370 | E13: 4894 | F13: 0 | G13: 0 | H13: 124 | I13: 25 | J13: 4229 | K13: 635 | L13: 30 | M13: 113 | N13: 4 | O13: 0 | P13: 212 | Q13: 170 | R13: 65 | S13: 206 | T13: 653 | U13: 0 | V13: 2.63 | W13: 2.4 | X13: 2.07 | Y13: 0.31 | Z13: 0.01 | AA13: 0.06 | AB13: 10.39 | AC13: 8.34 | AD13: 3.19 | AE13: 10.1 | AF13: 32.02 | AG13: 4 | AH13: 3 | AI13: 4 | AJ13: 17 | AK13: 1 | AL13: 11 | AM13: 0 | AN13: 29 | AO13: 0 | AP13: 3 | AQ13: 0 | AR13: 0 | AS13: 0 | AT13: 6 | AU13: 0 | AV13: 2 | AW13: 118 | AX13: 0 | AY13: 1.96 | AZ13: 1.47 | BA13: 1.96 | BB13: 8.34 | BC13: 0.49 | BD13: 5.39 | BE13: 0 | BF13: 14.22 | BG13: 1.47 | BH13: 0 | BI13: 57.86 | BJ13: 0.98 | BK13: 2.94 | BL13: 22644 | BM13: 195 | BN13: 3779 | BO13: 191 | BP13: 749 | BQ13: 6344 | BR13: 5713 | BS13: 6170 | BT13: 11.1 | BU13: 1.85 | BV13: 0.37 | BW13: 3.11 | BX13: 2.8 | BY13: 3.03 | BZ13: 22644 | CA13: 848 | CB13: 195 | CC13: 11.1 | CD13: 0.42 | CE13: 0.1 | CF13: 184355 | CG13: 1375637 | CH13: 90.39 | CI13: 674.5 | CJ13: 7.46 | CK13: 77.01 | CL13: 37.67 | CM13: 4.15 | CN13: 65114 | CO13: 41834 | CP13: 33585 | CQ13: 140533 | CR13: 68.91 | CS13: 39.12 | CT13: 14532 | CU13: 4259 | CV13: 18791 | CW13: 19037 | CX13: 22.67 | CY13: 38 | CZ13: 1214866 | DA13: 3591255 | DB13: 0 | DC13: 1760.86 | DD13: 33.83 | DE13: 5952 | DF13: 11603 | DG13: 66110 | DH13: 3518 | DI13: 75734 | DJ13: 0 | DK13: 163104 | DL13: 0 | DM13: 146377 | DN13: 149 | DO13: 0 | DP13: 0 | DQ13: 0 | DR13: 2.92 | DS13: 5.69 | DT13: 32.41 | DU13: 1.72 | DV13: 37.13 | DW13: 0 | DX13: 79.97 | DY13: 0 | DZ13: 0 | EA13: 0 | EB13: 756688 | EC13: 122468 | ED13: 4201 | EE13: 843 | EF13: 884200 | EG13: 13.85 | EH13: 66.77 | EI13: 433.54 | EJ13: 112604 | EK13: 533 | EL13: 3304 | EM13: 5950 | EN13: 9078 | EO13: 0 | EP13: 33671 | EQ13: 0 | ER13: 0 | ES13: 0 | ET13: 196 | EU13: 1223386 | EV13: 56577 | EW13: 25729 | EX13: 184355 | EY13: 1375637 | EZ13: 3591255 | FA13: 41834 | FB13: 884200 | FC13: 112604 | FD13: 533 | FE13: 1700064149 | FF13: 1141318266 | FG13: 49595117 | FH13: 189871987 | FI13: 319278779 | FJ13: 833.57 | FK13: =+D13/V13*1000 -> 2041825.1
A14: 2010 | B14: Cataluña | C14: 153 | D14: 28219 | E14: 27098 | F14: 0 | G14: 0 | H14: 364 | I14: 125 | J14: 14436 | K14: 4199 | L14: 8463 | M14: 533 | N14: 46 | O14: 0 | P14: 1333 | Q14: 761 | R14: 1810 | S14: 593 | T14: 4497 | U14: 0 | V14: 3.85 | W14: 3.7 | X14: 1.97 | Y14: 0.57 | Z14: 1.16 | AA14: 0.07 | AB14: 18.21 | AC14: 10.39 | AD14: 24.72 | AE14: 8.1 | AF14: 61.43 | AG14: 31 | AH14: 24 | AI14: 19 | AJ14: 80 | AK14: 3 | AL14: 57 | AM14: 19 | AN14: 83 | AO14: 0 | AP14: 28 | AQ14: 0 | AR14: 0 | AS14: 4 | AT14: 26 | AU14: 0 | AV14: 7 | AW14: 606 | AX14: 0 | AY14: 4.23 | AZ14: 3.28 | BA14: 2.6 | BB14: 10.93 | BC14: 0.41 | BD14: 7.79 | BE14: 2.6 | BF14: 11.34 | BG14: 3.82 | BH14: 0.55 | BI14: 82.77 | BJ14: 0.96 | BK14: 3.55 | BL14: 75812 | BM14: 1353 | BN14: 12956 | BO14: 1140 | BP14: 3476 | BQ14: 22490 | BR14: 19929 | BS14: 17590 | BT14: 10.36 | BU14: 1.77 | BV14: 0.47 | BW14: 3.07 | BX14: 2.72 | BY14: 2.4 | BZ14: 75812 | CA14: 3734 | CB14: 1353 | CC14: 10.36 | CD14: 0.51 | CE14: 0.18 | CF14: 765299 | CG14: 8474210 | CH14: 104.53 | CI14: 1157.5 | CJ14: 11.07 | CK14: 85.68 | CL14: 28.24 | CM14: 4.18 | CN14: 262397 | CO14: 218020 | CP14: 251919 | CQ14: 732336 | CR14: 100.03 | CS14: 45.38 | CT14: 47851 | CU14: 14441 | CV14: 62292 | CW14: 62997 | CX14: 23.18 | CY14: 35.47 | CZ14: 3644690 | DA14: 11838995 | DB14: 0 | DC14: 1617.11 | DD14: 30.79 | DE14: 19918 | DF14: 49377 | DG14: 332694 | DH14: 3188 | DI14: 235614 | DJ14: 23795 | DK14: 509856 | DL14: 0 | DM14: 455595 | DN14: 1977 | DO14: 0 | DP14: 0 | DQ14: 0 | DR14: 2.72 | DS14: 6.74 | DT14: 45.44 | DU14: 0.44 | DV14: 32.18 | DW14: 3.25 | DX14: 69.64 | DY14: 0 | DZ14: 0 | EA14: 0 | EB14: 3357608 | EC14: 390097 | ED14: 78333 | EE14: 4065 | EF14: 3830103 | EG14: 10.19 | EH14: 50.05 | EI14: 523.16 | EJ14: 1211436 | EK14: 13028 | EL14: 119499 | EM14: 22978 | EN14: 40809 | EO14: 0 | EP14: 285066 | EQ14: 0 | ER14: 0 | ES14: 24944 | ET14: 21391 | EU14: 2933054 | EV14: 266293 | EW14: 78700 | EX14: 765299 | EY14: 8474210 | EZ14: 11838995 | FA14: 218020 | FB14: 3830103 | FC14: 1211436 | FD14: 13028 | FE14: 6431275709 | FF14: 3668218258 | FG14: 676984899 | FH14: 807282848 | FI14: 1278789704 | FJ14: 878.46 | FK14: =+D14/V14*1000 -> 7329610.4
A15: 2010 | B15: Comunitat Valenciana | C15: 36 | D15: 11887 | E15: 10525 | F15: 0 | G15: 0 | H15: 265 | I15: 59 | J15: 9276 | K15: 932 | L15: 317 | M15: 338 | N15: 16 | O15: 0 | P15: 613 | Q15: 95 | R15: 0 | S15: 416 | T15: 1124 | U15: 0 | V15: 2.38 | W15: 2.11 | X15: 1.86 | Y15: 0.19 | Z15: 0.06 | AA15: 0.07 | AB15: 12.28 | AC15: 1.9 | AD15: 0 | AE15: 8.34 | AF15: 22.52 | AG15: 16 | AH15: 17 | AI15: 9 | AJ15: 27 | AK15: 3 | AL15: 31 | AM15: 7 | AN15: 50 | AO15: 0 | AP15: 13 | AQ15: 0 | AR15: 0 | AS15: 1 | AT15: 15 | AU15: 0 | AV15: 7 | AW15: 398 | AX15: 0 | AY15: 3.21 | AZ15: 3.41 | BA15: 1.8 | BB15: 5.41 | BC15: 0.6 | BD15: 6.21 | BE15: 1.4 | BF15: 10.02 | BG15: 2.6 | BH15: 0.2 | BI15: 79.75 | BJ15: 1.4 | BK15: 3.01 | BL15: 40800 | BM15: 157 | BN15: 7725 | BO15: 77 | BP15: 2137 | BQ15: 12603 | BR15: 9765 | BS15: 9614 | BT15: 8.18 | BU15: 1.55 | BV15: 0.43 | BW15: 2.53 | BX15: 1.96 | BY15: 1.93 | BZ15: 40800 | CA15: 2217 | CB15: 157 | CC15: 8.18 | CD15: 0.44 | CE15: 0.03 | CF15: 423197 | CG15: 2849430 | CH15: 84.8 | CI15: 570.96 | CJ15: 6.73 | CK15: 74.17 | CL15: 40.21 | CM15: 4.07 | CN15: 158732 | CO15: 107911 | CP15: 90045 | CQ15: 356688 | CR15: 71.47 | CS15: 40.47 | CT15: 28652 | CU15: 9154 | CV15: 37806 | CW15: 38368 | CX15: 24.21 | CY15: 31.04 | CZ15: 2699413 | DA15: 7708677 | DB15: 0 | DC15: 1544.63 | DD15: 35.02 | DE15: 20846 | DF15: 29018 | DG15: 83486 | DH15: 742 | DI15: 242917 | DJ15: 3620 | DK15: 351763 | DL15: 0 | DM15: 413543 | DN15: 590 | DO15: 0 | DP15: 0 | DQ15: 0 | DR15: 4.18 | DS15: 5.81 | DT15: 16.73 | DU15: 0.15 | DV15: 48.67 | DW15: 0.73 | DX15: 70.48 | DY15: 0 | DZ15: 0 | EA15: 0 | EB15: 1869829 | EC15: 283947 | ED15: 15230 | EE15: 2062 | EF15: 2171068 | EG15: 13.08 | EH15: 67.36 | EI15: 435.03 | EJ15: 467313 | EK15: 32128 | EL15: 242056 | EM15: 24157 | EN15: 24634 | EO15: 0 | EP15: 131767 | EQ15: 0 | ER15: 0 | ES15: 43 | ET15: 956 | EU15: 5705594 | EV15: 142656 | EW15: 35170 | EX15: 423197 | EY15: 2849430 | EZ15: 7708677 | FA15: 107911 | FB15: 2171068 | FC15: 467313 | FD15: 32128 | FE15: 3833260798 | FF15: 2247548601 | FG15: 212169004 | FH15: 483822450 | FI15: 889720743 | FJ15: 768.09 | FK15: =+D15/V15*1000 -> 4994537.8
A16: 2010 | B16: Extremadura | C16: 10 | D16: 3699 | E16: 3504 | F16: 0 | G16: 0 | H16: 81 | I16: 18 | J16: 2693 | K16: 800 | L16: 11 | M16: 85 | N16: 11 | O16: 0 | P16: 145 | Q16: 4 | R16: 18 | S16: 96 | T16: 263 | U16: 0 | V16: 3.42 | W16: 3.24 | X16: 2.49 | Y16: 0.74 | Z16: 0.01 | AA16: 0.08 | AB16: 13.4 | AC16: 0.37 | AD16: 1.66 | AE16: 8.87 | AF16: 24.3 | AG16: 1 | AH16: 1 | AI16: 5 | AJ16: 14 | AK16: 1 | AL16: 7 | AM16: 1 | AN16: 17 | AO16: 0 | AP16: 4 | AQ16: 0 | AR16: 0 | AS16: 0 | AT16: 4 | AU16: 0 | AV16: 1 | AW16: 73 | AX16: 0 | AY16: 0.92 | AZ16: 0.92 | BA16: 4.62 | BB16: 12.93 | BC16: 0.92 | BD16: 6.47 | BE16: 0.92 | BF16: 15.71 | BG16: 3.7 | BH16: 0 | BI16: 67.44 | BJ16: 0.92 | BK16: 3.7 | BL16: 11661 | BM16: 0 | BN16: 1845 | BO16: 0 | BP16: 388 | BQ16: 2908 | BR16: 2922 | BS16: 3695 | BT16: 10.77 | BU16: 1.7 | BV16: 0.36 | BW16: 2.69 | BX16: 2.7 | BY16: 3.41 | BZ16: 11661 | CA16: 405 | CB16: 0 | CC16: 10.77 | CD16: 0.37 | CE16: 0 | CF16: 109858 | CG16: 942209 | CH16: 101.49 | CI16: 870.48 | CJ16: 8.58 | CK16: 73.67 | CL16: 31.35 | CM16: 4.37 | CN16: 37675 | CO16: 15427 | CP16: 25573 | CQ16: 78675 | CR16: 72.69 | CS16: 29.05 | CT16: 6109 | CU16: 2376 | CV16: 8485 | CW16: 9739 | CX16: 28 | CY16: 37.12 | CZ16: 568493 | DA16: 1506233 | DB16: 0 | DC16: 1391.56 | DD16: 37.74 | DE16: 278 | DF16: 10476 | DG16: 33762 | DH16: 1664 | DI16: 26532 | DJ16: 6015 | DK16: 56014 | DL16: 0 | DM16: 70913 | DN16: 32 | DO16: 0 | DP16: 0 | DQ16: 0 | DR16: 0.26 | DS16: 9.68 | DT16: 31.19 | DU16: 1.54 | DV16: 24.51 | DW16: 5.56 | DX16: 51.75 | DY16: 0 | DZ16: 0 | EA16: 0 | EB16: 404284 | EC16: 71530 | ED16: 10851 | EE16: 627 | EF16: 487292 | EG16: 14.68 | EH16: 65.18 | EI16: 450.19 | EJ16: 63990 | EK16: 0 | EL16: 0 | EM16: 3708 | EN16: 1710 | EO16: 0 | EP16: 23775 | EQ16: 0 | ER16: 0 | ES16: 0 | ET16: 6207 | EU16: 287843 | EV16: 26910 | EW16: 24962 | EX16: 109858 | EY16: 942209 | EZ16: 1506233 | FA16: 15427 | FB16: 487292 | FC16: 63990 | FD16: 0 | FE16: 934647872 | FF16: 626483354 | FG16: 75276618 | FH16: 91470443 | FI16: 141417457 | FJ16: 863.49 | FK16: =+D16/V16*1000 -> 1081578.9
A17: 2010 | B17: Galicia | C17: 18 | D17: 8549 | E17: 8164 | F17: 0 | G17: 0 | H17: 124 | I17: 28 | J17: 6998 | K17: 1005 | L17: 161 | M17: 199 | N17: 17 | O17: 0 | P17: 424 | Q17: 163 | R17: 12 | S17: 127 | T17: 726 | U17: 0 | V17: 3.12 | W17: 2.98 | X17: 2.56 | Y17: 0.37 | Z17: 0.06 | AA17: 0.07 | AB17: 15.49 | AC17: 5.96 | AD17: 0.44 | AE17: 4.64 | AF17: 26.53 | AG17: 16 | AH17: 4 | AI17: 6 | AJ17: 23 | AK17: 2 | AL17: 21 | AM17: 9 | AN17: 34 | AO17: 0 | AP17: 12 | AQ17: 0 | AR17: 0 | AS17: 1 | AT17: 12 | AU17: 0 | AV17: 3 | AW17: 210 | AX17: 0 | AY17: 5.85 | AZ17: 1.46 | BA17: 2.19 | BB17: 8.4 | BC17: 0.73 | BD17: 7.67 | BE17: 3.29 | BF17: 12.42 | BG17: 4.39 | BH17: 0.37 | BI17: 76.74 | BJ17: 1.1 | BK17: 4.39 | BL17: 28624 | BM17: 56 | BN17: 4625 | BO17: 29 | BP17: 1015 | BQ17: 8273 | BR17: 7409 | BS17: 7704 | BT17: 10.46 | BU17: 1.69 | BV17: 0.37 | BW17: 3.02 | BX17: 2.71 | BY17: 2.82 | BZ17: 28624 | CA17: 1050 | CB17: 56 | CC17: 10.46 | CD17: 0.38 | CE17: 0.02 | CF17: 245562 | CG17: 2370840 | CH17: 89.73 | CI17: 866.36 | CJ17: 9.65 | CK17: 79.56 | CL17: 30.08 | CM17: 5.17 | CN17: 93944 | CO17: 36711 | CP17: 44923 | CQ17: 175578 | CR17: 64.16 | CS17: 28.1 | CT17: 14561 | CU17: 4339 | CV17: 18900 | CW17: 19149 | CX17: 22.96 | CY17: 29.71 | CZ17: 1440944 | DA17: 4549951 | DB17: 0 | DC17: 1662.65 | DD17: 31.67 | DE17: 5197 | DF17: 10527 | DG17: 67673 | DH17: 4319 | DI17: 91243 | DJ17: 25573 | DK17: 231407 | DL17: 0 | DM17: 229769 | DN17: 265 | DO17: 0 | DP17: 0 | DQ17: 0 | DR17: 1.9 | DS17: 3.85 | DT17: 24.73 | DU17: 1.58 | DV17: 33.34 | DW17: 9.34 | DX17: 84.56 | DY17: 0 | DZ17: 0 | EA17: 0 | EB17: 937987 | EC17: 162095 | ED17: 12845 | EE17: 1627 | EF17: 1114554 | EG17: 14.54 | EH17: 66.07 | EI17: 407.28 | EJ17: 184704 | EK17: 5282 | EL17: 72306 | EM17: 11661 | EN17: 8527 | EO17: 0 | EP17: 125765 | EQ17: 0 | ER17: 0 | ES17: 15606 | ET17: 1615 | EU17: 1090522 | EV17: 86602 | EW17: 5645 | EX17: 245562 | EY17: 2370840 | EZ17: 4549951 | FA17: 36711 | FB17: 1114554 | FC17: 184704 | FD17: 5282 | FE17: 2149497143 | FF17: 1315959729 | FG17: 105822877 | FH17: 353121832 | FI17: 374592705 | FJ17: 785.47 | FK17: =+D17/V17*1000 -> 2740064.1
... A275: 2024 | B275: Ceuta y Melilla | C275: 2 | D275: 420 | E275: 331 | F275: 0 | G275: 20 | H275: 21 | I275: 5 | J275: 316 | K275: 15 | L275: 0 | M275: 10 | N275: 0 | O275: 0 | P275: 31 | Q275: 2 | R275: 0 | S275: 20 | T275: 53 | U275: 1 | V275: 2.48 | W275: 1.95 | X275: 1.86 | Y275: 0.09 | Z275: 0 | AA275: 0.06 | AB275: 18.27 | AC275: 1.18 | AD275: 0 | AE275: 11.79 | AF275: 31.24 | AG275: 0 | AH275: 1 | AI275: 0 | AJ275: 2 | AK275: 0 | AL275: 1 | AM275: 0 | AN275: 2 | AO275: 0 | AP275: 0 | AQ275: 0 | AR275: 0 | AS275: 0 | AT275: 0 | AU275: 0 | AV275: 0 | AW275: 15 | AX275: 66 | AY275: 0 | AZ275: 5.89 | BA275: 0 | BB275: 11.79 | BC275: 0 | BD275: 5.89 | BE275: 0 | BF275: 11.79 | BG275: 0 | BH275: 0 | BI275: 88.41 | BJ275: 0 | BK275: 0 | BL275: 2191 | BM275: 1 | BN275: 284 | BO275: 1 | BP275: 25 | BQ275: 612 | BR275: 554 | BS275: 708 | BT275: 12.91 | BU275: 1.67 | BV275: 0.15 | BW275: 3.61 | BX275: 3.27 | BY275: 4.17 | BZ275: 2191 | CA275: 44 | CB275: 1 | CC275: 12.91 | CD275: 0.26 | CE275: 0.01 | CF275: 10154 | CG275: 62378 | CH275: 59.84 | CI275: 367.64 | CJ275: 6.14 | CK275: 51.63 | CL275: 30.68 | CM275: 4.99 | CN275: 2701 | CO275: 2291 | CP275: 1259 | CQ275: 6251 | CR275: 36.84 | CS275: 45.89 | CT275: 1031 | CU275: 350 | CV275: 1381 | CW275: 1382 | CX275: 25.34 | CY275: 33.81 | CZ275: 92232 | DA275: 199278 | DB275: 0 | DC275: 1174.48 | DD275: 46.28 | DE275: 0 | DF275: 0 | DG275: 3108 | DH275: 0 | DI275: 2782 | DJ275: 0 | DK275: 13319 | DL275: 0 | DM275: 4405 | DN275: 0 | DO275: 1298 | DP275: 253 | DQ275: 0 | DR275: 0 | DS275: 0 | DT275: 18.32 | DU275: 0 | DV275: 16.4 | DW275: 0 | DX275: 78.5 | DY275: 7.65 | DZ275: 1.49 | EA275: 0 | EB275: 98197 | EC275: 7447 | ED275: 76 | EE275: 59 | EF275: 105779 | EG275: 7.04 | EH275: 73.29 | EI275: 623.43 | EJ275: 5495 | EK275: 0 | EL275: 0 | EM275: 0 | EN275: 203 | EO275: 0 | EP275: 0 | EQ275: 0 | ER275: 0 | ES275: 0 | ET275: 0 | EU275: 17830 | EV275: 9195 | EW275: 0 | EX275: 10154 | EY275: 62378 | EZ275: 199278 | FA275: 2291 | FB275: 105779 | FC275: 5495 | FD275: 0 | FE275: 201476023 | FF275: 129552578 | FG275: 18017483 | FH275: 20353379 | FI275: 33552583 | FJ275: 1187.44 | FK275: =+D275/V275*1000 -> 169354.84

Sheet Hoja3
A3: Etiquetas de fila | B3: Suma de Altas
A4: 2010 | B4: 4047359
A5: 2011 | B5: 4005171
A6: 2012 | B6: 3975688
A7: 2013 | B7: 3979901
A8: 2014 | B8: 4026926
A9: 2015 | B9: 4045168
A10: 2016 | B10: 4058110
A11: 2017 | B11: 4077438
A12: 2018 | B12: 4146261
A13: 2019 | B13: 4133322
A14: 2020 | B14: 3614280
A15: 2021 | B15: 3826423
... A18: 2024 | B18: 4233295
A19: Total general | B19: 60342105

Sheet Hoja1
I1: ID_Variable | J1: Categoría | K1: Descripción
A2: Año | D2: año | I2: =+D2 -> año | K2: =+A2 -> Año
A3: Comunidad | B3: categoría | C3: variable | D3: comunidad | I3: =+D3 -> comunidad | K3: =+A3 -> Comunidad
A4: Nº de Hospitales | B4: dotacion | C4: n_hospitales | D4: dotacion_n_hospitales | I4: =+D4 -> dotacion_n_hospitales | J4: =+B4 -> dotacion | K4: =+A4 -> Nº de Hospitales
A5: Camas instaladas | B5: dotacion | C5: camas_instaladas | D5: dotacion_camas_instaladas | I5: =+D5 -> dotacion_camas_instaladas | J5: =+B5 -> dotacion | K5: =+A5 -> Camas instaladas
A6: Camas en funcionamiento | B6: dotacion | C6: camas_funcionamiento | D6: dotacion_camas_funcionamiento | I6: =+D6 -> dotacion_camas_funcionamiento | J6: =+B6 -> dotacion | K6: =+A6 -> Camas en funcionamiento
A7: Camas de presión variable en funcionamiento | B7: dotacion | C7: camas_presion_variable | D7: dotacion_camas_presion_variable | I7: =+D7 -> dotacion_camas_presion_variable | J7: =+B7 -> dotacion | K7: =+A7 -> Camas de presión variable en funcionamiento
A8: Puestos en URPAS | B8: dotacion | C8: puestos_urpas | D8: dotacion_puestos_urpas | I8: =+D8 -> dotacion_puestos_urpas | J8: =+B8 -> dotacion | K8: =+A8 -> Puestos en URPAS
A9: Incubadoras (en funcionamiento) | B9: dotacion | C9: incubadoras | D9: dotacion_incubadoras | I9: =+D9 -> dotacion_incubadoras | J9: =+B9 -> dotacion | K9: =+A9 -> Incubadoras (en funcionamiento)
A10: Paritorios en funcionamiento | B10: dotacion | C10: paritorios | D10: dotacion_paritorios | I10: =+D10 -> dotacion_paritorios | J10: =+B10 -> dotacion | K10: =+A10 -> Paritorios en funcionamiento
A11: Camas H. de agudos | B11: dotacion | C11: camas_agudos | D11: dotacion_camas_agudos | I11: =+D11 -> dotacion_camas_agudos | J11: =+B11 -> dotacion | K11: =+A11 -> Camas H. de agudos
A12: Camas H. psiquiátricos | B12: dotacion | C12: camas_psiquiatricos | D12: dotacion_camas_psiquiatricos | I12: =+D12 -> dotacion_camas_psiquiatricos | J12: =+B12 -> dotacion | K12: =+A12 -> Camas H. psiquiátricos
A13: Camas H. media/larga estancia | B13: dotacion | C13: camas_medialarga_estancia | D13: dotacion_camas_medialarga_estancia | I13: =+D13 -> dotacion_camas_medialarga_estancia | J13: =+B13 -> dotacion | K13: =+A13 -> Camas H. media/larga estancia
A14: Quirófanos (total) | B14: dotacion | C14: quirofanos_total | D14: dotacion_quirofanos_total | I14: =+D14 -> dotacion_quirofanos_total | J14: =+B14 -> dotacion | K14: =+A14 -> Quirófanos (total)
A15: Quirófanos propios de CMA | B15: dotacion | C15: quirofanos_cma | D15: dotacion_quirofanos_cma | I15: =+D15 -> dotacion_quirofanos_cma | J15: =+B15 -> dotacion | K15: =+A15 -> Quirófanos propios de CMA
... A167: Gasto por habitante | B167: gasto | C167: _resto_habitante | D167: gasto__resto_habitante | I167: =+D167 -> gasto__resto_habitante | J167: =+B167 -> gasto | K167: =+A167 -> Gasto por habitante
